b2f9d0,127.0.0.1,GET,http://unisoc.dev/,1384620052,
fcfee3,127.0.0.1,GET,http://unisoc.dev/page-with-cache,1384620179,
3eae83,127.0.0.1,GET,http://unisoc.dev/,1384620182,
2828ac,127.0.0.1,GET,http://unisoc.dev/,1384620466,
3ae183,127.0.0.1,GET,http://unisoc.dev/,1384620470,
54da0e,127.0.0.1,GET,http://unisoc.dev/,1384620472,
fa1852,127.0.0.1,GET,http://unisoc.dev/,1384620474,
da1a94,127.0.0.1,GET,http://unisoc.dev/login,1384620514,
4673ad,127.0.0.1,GET,http://unisoc.dev/form,1384620527,
6cd7b6,127.0.0.1,GET,http://unisoc.dev/doctrine,1384620563,
074aef,127.0.0.1,GET,http://unisoc.dev/doctrine,1384620613,
d61c5d,127.0.0.1,GET,http://unisoc.dev/,1384620617,
4cf34a,127.0.0.1,GET,http://unisoc.dev/,1384620620,
4fe370,127.0.0.1,GET,http://unisoc.dev/,1384620649,
db4a2f,127.0.0.1,GET,http://unisoc.dev/,1384620654,
2c5073,127.0.0.1,GET,http://unisoc.dev/,1384620658,
c89d58,127.0.0.1,GET,http://unisoc.dev/,1384620659,
3f3d08,127.0.0.1,GET,http://unisoc.dev/,1384620917,
efacb4,127.0.0.1,GET,http://unisoc.dev/,1384620933,
45ae8a,127.0.0.1,GET,http://unisoc.dev/,1384620980,
dbfc1b,127.0.0.1,GET,http://unisoc.dev/,1384620982,
656060,127.0.0.1,GET,http://unisoc.dev/,1384620993,
84627c,127.0.0.1,GET,http://unisoc.dev/,1384621517,
17dfe3,127.0.0.1,GET,http://unisoc.dev/js/libs/modernizr-2.5.3-respond-1.1.0.min.js,1384621517,
2c4a40,127.0.0.1,GET,http://unisoc.dev/favicon.ico,1384621518,
50be5d,127.0.0.1,GET,http://unisoc.dev/login,1384621521,
5ade14,127.0.0.1,GET,http://unisoc.dev/js/libs/modernizr-2.5.3-respond-1.1.0.min.js,1384621521,
b20e06,127.0.0.1,GET,http://unisoc.dev/login,1384621798,
c39e64,127.0.0.1,GET,http://unisoc.dev/js/libs/modernizr-2.5.3-respond-1.1.0.min.js,1384621799,
